Handle,Title,Body (HTML),Vendor,Type,Tags,Published,Option1 Name,Option1 Value,Variant SKU,Variant Grams,Variant Inventory Policy,Variant Fulfillment Service,Variant Price,Variant Requires Shipping,Variant Taxable,Image Src,Image Position,Image Alt Text,Gift Card,SEO Title,SEO Description,Status
qasr,The Qasr,"<p>A straight thobe in ivory cotton, with a concealed placket and no pocket.</p><p>Cut full enough to walk, narrow enough that the sleeve stays quiet. This is the pattern the house is known by. The hem is meant to break once, at the ankle.</p><h3>Cloth</h3><p>100% Egyptian long-staple cotton, 145 gsm. Woven for a matte hand.</p><h3>Care</h3><p>Cool wash, inside out. Hang dry. Warm iron on the reverse. No tumble dryer.</p><h3>Fit</h3><p>Gulf numbering, true to size. 56 is the size we cut most. Leave your height in the bag note if you want the hem changed.</p>",Maison Safa,Ivory long-staple cotton,"thobes, featured",TRUE,Size,52,QASR-52,450,continue,manual,340,TRUE,TRUE,https://cdn.jsdelivr.net/gh/apyrtech/maison-safa@main/public/products/qasr.jpg,1,"The Qasr, an ivory thobe.",FALSE,The Qasr — Maison Safa,"A straight thobe in ivory cotton, with a concealed placket and no pocket.",active
qasr,,,,,,,Size,54,QASR-54,450,continue,manual,340,TRUE,TRUE,,,,,,,
qasr,,,,,,,Size,56,QASR-56,450,continue,manual,340,TRUE,TRUE,,,,,,,
qasr,,,,,,,Size,58,QASR-58,450,continue,manual,340,TRUE,TRUE,,,,,,,
qasr,,,,,,,Size,60,QASR-60,450,continue,manual,340,TRUE,TRUE,,,,,,,
qasr,,,,,,,Size,62,QASR-62,450,continue,manual,340,TRUE,TRUE,,,,,,,
najd,The Najd,"<p>Sand linen with an open collar and a single shell button.</p><p>A dry cloth for heat. The collar sits open, the sleeve is a touch shorter, and the weave shows. It softens every time it is washed.</p><h3>Cloth</h3><p>70% linen, 30% cotton, 160 gsm.</p><h3>Care</h3><p>Cool wash. Hang dry, and reshape the collar while it is still damp. Iron slightly damp.</p><h3>Fit</h3><p>Same numbering as the Qasr, with a little more ease through the chest.</p>",Maison Safa,Sand linen-cotton,thobes,TRUE,Size,52,NAJD-52,450,continue,manual,310,TRUE,TRUE,https://cdn.jsdelivr.net/gh/apyrtech/maison-safa@main/public/products/najd.jpg,1,"The Najd, a sand thobe.",FALSE,The Najd — Maison Safa,Sand linen with an open collar and a single shell button.,active
najd,,,,,,,Size,54,NAJD-54,450,continue,manual,310,TRUE,TRUE,,,,,,,
najd,,,,,,,Size,56,NAJD-56,450,continue,manual,310,TRUE,TRUE,,,,,,,
najd,,,,,,,Size,58,NAJD-58,450,continue,manual,310,TRUE,TRUE,,,,,,,
najd,,,,,,,Size,60,NAJD-60,450,continue,manual,310,TRUE,TRUE,,,,,,,
najd,,,,,,,Size,62,NAJD-62,450,continue,manual,310,TRUE,TRUE,,,,,,,
marjan,The Marjan,"<p>An evening thobe in charcoal wool, with a covered placket and turned cuffs.</p><p>Heavier than our cottons, and meant to be. The wool holds a line from shoulder to hem. This is not a summer cloth.</p><h3>Cloth</h3><p>90% wool, 10% silk, 240 gsm.</p><h3>Care</h3><p>Dry clean, or a cold wool wash if you are careful. Steam rather than press. Rest it on a hanger.</p><h3>Fit</h3><p>Cut close to the Qasr, with a narrower cuff. If you wear a watch, stay with your usual size.</p>",Maison Safa,Charcoal wool,"thobes, featured",TRUE,Size,52,MARJAN-52,520,continue,manual,420,TRUE,TRUE,https://cdn.jsdelivr.net/gh/apyrtech/maison-safa@main/public/products/marjan.jpg,1,"The Marjan, a charcoal wool thobe.",FALSE,The Marjan — Maison Safa,"An evening thobe in charcoal wool, with a covered placket and turned cuffs.",active
marjan,,,,,,,Size,54,MARJAN-54,520,continue,manual,420,TRUE,TRUE,,,,,,,
marjan,,,,,,,Size,56,MARJAN-56,520,continue,manual,420,TRUE,TRUE,,,,,,,
marjan,,,,,,,Size,58,MARJAN-58,520,continue,manual,420,TRUE,TRUE,,,,,,,
marjan,,,,,,,Size,60,MARJAN-60,520,continue,manual,420,TRUE,TRUE,,,,,,,
marjan,,,,,,,Size,62,MARJAN-62,520,continue,manual,420,TRUE,TRUE,,,,,,,
wadi,The Wadi,"<p>Everyday olive poplin, with a short placket and one chest pocket.</p><p>The piece we expect to be worn hard. Double-needle seams, a pocket that sits flat, a color that reads as olive in sun and stone in shade.</p><h3>Cloth</h3><p>100% cotton poplin, 130 gsm.</p><h3>Care</h3><p>Machine wash cool. Hang dry. Iron the pocket from the reverse so it stays flat.</p><h3>Fit</h3><p>Our easiest thobe. Stay with your usual number.</p>",Maison Safa,Olive poplin,thobes,TRUE,Size,52,WADI-52,420,continue,manual,280,TRUE,TRUE,https://cdn.jsdelivr.net/gh/apyrtech/maison-safa@main/public/products/wadi.jpg,1,"The Wadi, an olive thobe.",FALSE,The Wadi — Maison Safa,"Everyday olive poplin, with a short placket and one chest pocket.",active
wadi,,,,,,,Size,54,WADI-54,420,continue,manual,280,TRUE,TRUE,,,,,,,
wadi,,,,,,,Size,56,WADI-56,420,continue,manual,280,TRUE,TRUE,,,,,,,
wadi,,,,,,,Size,58,WADI-58,420,continue,manual,280,TRUE,TRUE,,,,,,,
wadi,,,,,,,Size,60,WADI-60,420,continue,manual,280,TRUE,TRUE,,,,,,,
wadi,,,,,,,Size,62,WADI-62,420,continue,manual,280,TRUE,TRUE,,,,,,,
safa,The Safa,"<p>Open-front black crepe. Wide sleeves, brought in at the wrist. No belt.</p><p>The first abaya we cut, and the one the others are measured against. The front falls straight. The sleeve is wide enough to move, then quiet at the hand.</p><h3>Cloth</h3><p>Wool crepe, 180 gsm. Unlined.</p><h3>Care</h3><p>Cool gentle wash in a bag, or dry clean. Hang at once. Steam the front edges.</p><h3>Fit</h3><p>Abaya numbering, 50 to 60. Because it is open, choose by shoulder and length. 54 is the size we cut most.</p>",Maison Safa,Black wool crepe,"abayas, featured",TRUE,Size,50,SAFA-50,500,continue,manual,460,TRUE,TRUE,https://cdn.jsdelivr.net/gh/apyrtech/maison-safa@main/public/products/safa.jpg,1,"The Safa, a black open abaya.",FALSE,The Safa — Maison Safa,"Open-front black crepe. Wide sleeves, brought in at the wrist. No belt.",active
safa,,,,,,,Size,52,SAFA-52,500,continue,manual,460,TRUE,TRUE,,,,,,,
safa,,,,,,,Size,54,SAFA-54,500,continue,manual,460,TRUE,TRUE,,,,,,,
safa,,,,,,,Size,56,SAFA-56,500,continue,manual,460,TRUE,TRUE,,,,,,,
safa,,,,,,,Size,58,SAFA-58,500,continue,manual,460,TRUE,TRUE,,,,,,,
safa,,,,,,,Size,60,SAFA-60,500,continue,manual,460,TRUE,TRUE,,,,,,,
noor,The Noor,"<p>A column in warm taupe, with a high neck and a narrow opening.</p><p>Stone in daylight, honey indoors. Unlined, so it packs. The opening is only as wide as it needs to be.</p><h3>Cloth</h3><p>Silk-touch crepe, 160 gsm. Unlined.</p><h3>Care</h3><p>Cool wash in a bag. Hang dry. Steam to release the front.</p><h3>Fit</h3><p>Close through the shoulder, straight through the body. If you layer under it, stay with your usual size.</p>",Maison Safa,Taupe crepe,"abayas, featured",TRUE,Size,50,NOOR-50,480,continue,manual,390,TRUE,TRUE,https://cdn.jsdelivr.net/gh/apyrtech/maison-safa@main/public/products/noor.jpg,1,"The Noor, a taupe abaya.",FALSE,The Noor — Maison Safa,"A column in warm taupe, with a high neck and a narrow opening.",active
noor,,,,,,,Size,52,NOOR-52,480,continue,manual,390,TRUE,TRUE,,,,,,,
noor,,,,,,,Size,54,NOOR-54,480,continue,manual,390,TRUE,TRUE,,,,,,,
noor,,,,,,,Size,56,NOOR-56,480,continue,manual,390,TRUE,TRUE,,,,,,,
noor,,,,,,,Size,58,NOOR-58,480,continue,manual,390,TRUE,TRUE,,,,,,,
noor,,,,,,,Size,60,NOOR-60,480,continue,manual,390,TRUE,TRUE,,,,,,,
layl,The Layl,"<p>A closed navy abaya with a row of covered buttons and a quiet sheen.</p><p>For evenings that run long. The buttons are covered in the same cloth. The hem has allowance if you want it let down.</p><h3>Cloth</h3><p>Satin-back crepe, 190 gsm.</p><h3>Care</h3><p>Dry clean. Hang on a wide bar so the buttons do not pull the front.</p><h3>Fit</h3><p>Closed front — take the size you wear in a dress, not a coat. 54 closes cleanly on most.</p>",Maison Safa,Midnight navy crepe,abayas,TRUE,Size,50,LAYL-50,500,continue,manual,440,TRUE,TRUE,https://cdn.jsdelivr.net/gh/apyrtech/maison-safa@main/public/products/layl.jpg,1,"The Layl, a navy abaya.",FALSE,The Layl — Maison Safa,A closed navy abaya with a row of covered buttons and a quiet sheen.,active
layl,,,,,,,Size,52,LAYL-52,500,continue,manual,440,TRUE,TRUE,,,,,,,
layl,,,,,,,Size,54,LAYL-54,500,continue,manual,440,TRUE,TRUE,,,,,,,
layl,,,,,,,Size,56,LAYL-56,500,continue,manual,440,TRUE,TRUE,,,,,,,
layl,,,,,,,Size,58,LAYL-58,500,continue,manual,440,TRUE,TRUE,,,,,,,
layl,,,,,,,Size,60,LAYL-60,500,continue,manual,440,TRUE,TRUE,,,,,,,
hilal,The Hilal,"<p>An ivory abaya with one line of tone-on-tone stitch at the cuff.</p><p>The stitch is geometric, and you see it when the sleeve moves. No floral, no contrast thread. Open front, the same shoulder as the Safa.</p><h3>Cloth</h3><p>Cotton-silk, 170 gsm. The cuff stitch is the same yarn.</p><h3>Care</h3><p>Cool wash inside out, or dry clean to keep the cuff crisp. Iron on the reverse.</p><h3>Fit</h3><p>Open front. Length is the decision — leave your height if you want the hem adjusted.</p>",Maison Safa,Ivory cotton-silk,abayas,TRUE,Size,50,HILAL-50,480,continue,manual,480,TRUE,TRUE,https://cdn.jsdelivr.net/gh/apyrtech/maison-safa@main/public/products/hilal.jpg,1,"The Hilal, an ivory abaya.",FALSE,The Hilal — Maison Safa,An ivory abaya with one line of tone-on-tone stitch at the cuff.,active
hilal,,,,,,,Size,52,HILAL-52,480,continue,manual,480,TRUE,TRUE,,,,,,,
hilal,,,,,,,Size,54,HILAL-54,480,continue,manual,480,TRUE,TRUE,,,,,,,
hilal,,,,,,,Size,56,HILAL-56,480,continue,manual,480,TRUE,TRUE,,,,,,,
hilal,,,,,,,Size,58,HILAL-58,480,continue,manual,480,TRUE,TRUE,,,,,,,
hilal,,,,,,,Size,60,HILAL-60,480,continue,manual,480,TRUE,TRUE,,,,,,,
madina,The Madina,"<p>A hand-crocheted cream koofi with an open stitch and a rolled edge.</p><p>Close to the head, and breathable in a way a machine knit is not. Made in small batches. Koofi is our spelling of the kufi cap.</p><h3>Cloth</h3><p>100% wool, hand crochet.</p><h3>Care</h3><p>Cold hand wash. Reshape over a bowl and dry flat. Do not tumble.</p><h3>Fit</h3><p>Circumference in centimeters. 56 fits most. Between sizes, take the larger.</p>",Maison Safa,Cream wool,"koofis, featured",TRUE,Size,54,MADINA-54,70,continue,manual,68,TRUE,TRUE,https://cdn.jsdelivr.net/gh/apyrtech/maison-safa@main/public/products/madina.jpg,1,"The Madina, a cream crocheted koofi.",FALSE,The Madina — Maison Safa,A hand-crocheted cream koofi with an open stitch and a rolled edge.,active
madina,,,,,,,Size,56,MADINA-56,70,continue,manual,68,TRUE,TRUE,,,,,,,
madina,,,,,,,Size,58,MADINA-58,70,continue,manual,68,TRUE,TRUE,,,,,,,
madina,,,,,,,Size,60,MADINA-60,70,continue,manual,68,TRUE,TRUE,,,,,,,
makkah,The Makkah,"<p>A low charcoal knit that sits under a scarf without bulk.</p><p>A fine rib that recovers its shape. The profile is lower than the Madina, for days when you want the cap to disappear.</p><h3>Cloth</h3><p>100% cotton knit.</p><h3>Care</h3><p>Cool wash. Dry flat. Do not stretch the rib while it is wet.</p><h3>Fit</h3><p>54 to 60 cm. The rib flexes, so 56 is the safe choice.</p>",Maison Safa,Charcoal cotton knit,koofis,TRUE,Size,54,MAKKAH-54,70,continue,manual,62,TRUE,TRUE,https://cdn.jsdelivr.net/gh/apyrtech/maison-safa@main/public/products/makkah.jpg,1,"The Makkah, a charcoal koofi.",FALSE,The Makkah — Maison Safa,A low charcoal knit that sits under a scarf without bulk.,active
makkah,,,,,,,Size,56,MAKKAH-56,70,continue,manual,62,TRUE,TRUE,,,,,,,
makkah,,,,,,,Size,58,MAKKAH-58,70,continue,manual,62,TRUE,TRUE,,,,,,,
makkah,,,,,,,Size,60,MAKKAH-60,70,continue,manual,62,TRUE,TRUE,,,,,,,
atlas,The Atlas,"<p>A lightly structured sand linen koofi with a bound edge.</p><p>It holds a shape the crochet does not. Named for a wool route, cut from linen, because linen keeps its line in heat.</p><h3>Cloth</h3><p>100% linen, with a bound edge in the same cloth.</p><h3>Care</h3><p>Steam to refresh. Spot clean. If you wash it, do so cold and reshape it at once.</p><h3>Fit</h3><p>Less give than the knits. Measure, and do not size down.</p>",Maison Safa,Sand linen,"koofis, featured",TRUE,Size,54,ATLAS-54,80,continue,manual,78,TRUE,TRUE,https://cdn.jsdelivr.net/gh/apyrtech/maison-safa@main/public/products/atlas.jpg,1,"The Atlas, a sand linen koofi.",FALSE,The Atlas — Maison Safa,A lightly structured sand linen koofi with a bound edge.,active
atlas,,,,,,,Size,56,ATLAS-56,80,continue,manual,78,TRUE,TRUE,,,,,,,
atlas,,,,,,,Size,58,ATLAS-58,80,continue,manual,78,TRUE,TRUE,,,,,,,
atlas,,,,,,,Size,60,ATLAS-60,80,continue,manual,78,TRUE,TRUE,,,,,,,
sahra,The Sahra,"<p>Deep olive wool with a narrow embroidered rim in the same yarn.</p><p>The rim is visible only up close. Firmer than the Madina, and quieter than anything stitched in a contrast thread.</p><h3>Cloth</h3><p>Wool felt body. Embroidered rim in matching wool.</p><h3>Care</h3><p>Brush with a clothes brush. Steam, do not soak. Keep it out of hard sun between wears.</p><h3>Fit</h3><p>Structured, so the centimeter is honest. 58 is the full fit.</p>",Maison Safa,Olive wool,koofis,TRUE,Size,54,SAHRA-54,80,continue,manual,85,TRUE,TRUE,https://cdn.jsdelivr.net/gh/apyrtech/maison-safa@main/public/products/sahra.jpg,1,"The Sahra, an olive wool koofi.",FALSE,The Sahra — Maison Safa,Deep olive wool with a narrow embroidered rim in the same yarn.,active
sahra,,,,,,,Size,56,SAHRA-56,80,continue,manual,85,TRUE,TRUE,,,,,,,
sahra,,,,,,,Size,58,SAHRA-58,80,continue,manual,85,TRUE,TRUE,,,,,,,
sahra,,,,,,,Size,60,SAHRA-60,80,continue,manual,85,TRUE,TRUE,,,,,,,
